Date,Top Performers,Bottom Performers
2004-01,"HOLX, TTWO, ROK, JBHT, DHI, MHK, POOL, AOS, COO, FRT","CINF, AFL, LNC, PNW, EMN, STT, BAX, NTRS, INCY, CMS"
2004-02,"HOLX, TTWO, ROK, JBHT, DHI, MHK, POOL, AOS, COO, FRT","CINF, AFL, LNC, PNW, EMN, STT, BAX, NTRS, INCY, CMS"
2004-03,"HOLX, TTWO, ROK, JBHT, DHI, MHK, POOL, AOS, COO, FRT","CINF, AFL, LNC, PNW, EMN, STT, BAX, NTRS, INCY, CMS"
2004-04,"HOLX, TTWO, ROK, JBHT, DHI, MHK, POOL, AOS, COO, FRT","CINF, AFL, LNC, PNW, EMN, STT, BAX, NTRS, INCY, CMS"
2004-05,"HOLX, TTWO, ROK, JBHT, DHI, MHK, POOL, AOS, COO, FRT","CINF, AFL, LNC, PNW, EMN, STT, BAX, NTRS, INCY, CMS"
2004-06,"HOLX, TTWO, ROK, JBHT, DHI, MHK, POOL, AOS, COO, FRT","CINF, AFL, LNC, PNW, EMN, STT, BAX, NTRS, INCY, CMS"
2004-07,"HOLX, TTWO, ROK, JBHT, DHI, MHK, POOL, AOS, COO, FRT","CINF, AFL, LNC, PNW, EMN, STT, BAX, NTRS, INCY, CMS"
2004-08,"HOLX, TTWO, ROK, JBHT, DHI, MHK, POOL, AOS, COO, FRT","CINF, AFL, LNC, PNW, EMN, STT, BAX, NTRS, INCY, CMS"
2004-09,"HOLX, TTWO, ROK, JBHT, DHI, MHK, POOL, AOS, COO, FRT","CINF, AFL, LNC, PNW, EMN, STT, BAX, NTRS, INCY, CMS"
2004-10,"HOLX, TTWO, ROK, JBHT, DHI, MHK, POOL, AOS, COO, FRT","CINF, AFL, LNC, PNW, EMN, STT, BAX, NTRS, INCY, CMS"
2004-11,"HOLX, TTWO, ROK, JBHT, DHI, MHK, POOL, AOS, COO, FRT","CINF, AFL, LNC, PNW, EMN, STT, BAX, NTRS, INCY, CMS"
2004-12,"HOLX, TTWO, ROK, JBHT, DHI, MHK, POOL, AOS, COO, FRT","CINF, AFL, LNC, PNW, EMN, STT, BAX, NTRS, INCY, CMS"
2005-01,"JBHT, HOLX, COO, DHI, ROK, FRT, TTWO, POOL, CMI, ROL","DOV, RHI, SNA, LNC, STT, NTRS, BAX, TER, INCY, CMS"
2005-02,"JBHT, HOLX, COO, DHI, ROK, FRT, TTWO, POOL, CMI, ROL","DOV, RHI, SNA, LNC, STT, NTRS, BAX, TER, INCY, CMS"
2005-03,"JBHT, HOLX, COO, DHI, ROK, FRT, TTWO, POOL, CMI, ROL","DOV, RHI, SNA, LNC, STT, NTRS, BAX, TER, INCY, CMS"
2005-04,"JBHT, HOLX, COO, DHI, ROK, FRT, TTWO, POOL, CMI, ROL","DOV, RHI, SNA, LNC, STT, NTRS, BAX, TER, INCY, CMS"
2005-05,"JBHT, HOLX, COO, DHI, ROK, FRT, TTWO, POOL, CMI, ROL","DOV, RHI, SNA, LNC, STT, NTRS, BAX, TER, INCY, CMS"
2005-06,"JBHT, HOLX, COO, DHI, ROK, FRT, TTWO, POOL, CMI, ROL","DOV, RHI, SNA, LNC, STT, NTRS, BAX, TER, INCY, CMS"
2005-07,"JBHT, HOLX, COO, DHI, ROK, FRT, TTWO, POOL, CMI, ROL","DOV, RHI, SNA, LNC, STT, NTRS, BAX, TER, INCY, CMS"
2005-08,"JBHT, HOLX, COO, DHI, ROK, FRT, TTWO, POOL, CMI, ROL","DOV, RHI, SNA, LNC, STT, NTRS, BAX, TER, INCY, CMS"
2005-09,"JBHT, HOLX, COO, DHI, ROK, FRT, TTWO, POOL, CMI, ROL","DOV, RHI, SNA, LNC, STT, NTRS, BAX, TER, INCY, CMS"
2005-10,"JBHT, HOLX, COO, DHI, ROK, FRT, TTWO, POOL, CMI, ROL","DOV, RHI, SNA, LNC, STT, NTRS, BAX, TER, INCY, CMS"
2005-11,"JBHT, HOLX, COO, DHI, ROK, FRT, TTWO, POOL, CMI, ROL","DOV, RHI, SNA, LNC, STT, NTRS, BAX, TER, INCY, CMS"
2005-12,"JBHT, HOLX, COO, DHI, ROK, FRT, TTWO, POOL, CMI, ROL","DOV, RHI, SNA, LNC, STT, NTRS, BAX, TER, INCY, CMS"
2006-01,"EIX, HOLX, ROK, FRT, DHI, CMI, BXP, ROL, COO, NUE","DTE, MHK, SWK, PPG, AOS, AVY, DOV, CMS, INCY, TER"
2006-02,"EIX, HOLX, ROK, FRT, DHI, CMI, BXP, ROL, COO, NUE","DTE, MHK, SWK, PPG, AOS, AVY, DOV, CMS, INCY, TER"
2006-03,"EIX, HOLX, ROK, FRT, DHI, CMI, BXP, ROL, COO, NUE","DTE, MHK, SWK, PPG, AOS, AVY, DOV, CMS, INCY, TER"
2006-04,"EIX, HOLX, ROK, FRT, DHI, CMI, BXP, ROL, COO, NUE","DTE, MHK, SWK, PPG, AOS, AVY, DOV, CMS, INCY, TER"
2006-05,"EIX, HOLX, ROK, FRT, DHI, CMI, BXP, ROL, COO, NUE","DTE, MHK, SWK, PPG, AOS, AVY, DOV, CMS, INCY, TER"
2006-06,"EIX, HOLX, ROK, FRT, DHI, CMI, BXP, ROL, COO, NUE","DTE, MHK, SWK, PPG, AOS, AVY, DOV, CMS, INCY, TER"
2006-07,"EIX, HOLX, ROK, FRT, DHI, CMI, BXP, ROL, COO, NUE","DTE, MHK, SWK, PPG, AOS, AVY, DOV, CMS, INCY, TER"
2006-08,"EIX, HOLX, ROK, FRT, DHI, CMI, BXP, ROL, COO, NUE","DTE, MHK, SWK, PPG, AOS, AVY, DOV, CMS, INCY, TER"
2006-09,"EIX, HOLX, ROK, FRT, DHI, CMI, BXP, ROL, COO, NUE","DTE, MHK, SWK, PPG, AOS, AVY, DOV, CMS, INCY, TER"
2006-10,"EIX, HOLX, ROK, FRT, DHI, CMI, BXP, ROL, COO, NUE","DTE, MHK, SWK, PPG, AOS, AVY, DOV, CMS, INCY, TER"
2006-11,"EIX, HOLX, ROK, FRT, DHI, CMI, BXP, ROL, COO, NUE","DTE, MHK, SWK, PPG, AOS, AVY, DOV, CMS, INCY, TER"
2006-12,"EIX, HOLX, ROK, FRT, DHI, CMI, BXP, ROL, COO, NUE","DTE, MHK, SWK, PPG, AOS, AVY, DOV, CMS, INCY, TER"
2007-01,"HOLX, NUE, CMI, BXP, EIX, FRT, FE, ADM, BRO, ESS","SJM, AOS, DOV, PPG, TTWO, COO, MHK, DHI, INCY, TER"
2007-02,"HOLX, NUE, CMI, BXP, EIX, FRT, FE, ADM, BRO, ESS","SJM, AOS, DOV, PPG, TTWO, COO, MHK, DHI, INCY, TER"
2007-03,"HOLX, NUE, CMI, BXP, EIX, FRT, FE, ADM, BRO, ESS","SJM, AOS, DOV, PPG, TTWO, COO, MHK, DHI, INCY, TER"
2007-04,"HOLX, NUE, CMI, BXP, EIX, FRT, FE, ADM, BRO, ESS","SJM, AOS, DOV, PPG, TTWO, COO, MHK, DHI, INCY, TER"
2007-05,"HOLX, NUE, CMI, BXP, EIX, FRT, FE, ADM, BRO, ESS","SJM, AOS, DOV, PPG, TTWO, COO, MHK, DHI, INCY, TER"
2007-06,"HOLX, NUE, CMI, BXP, EIX, FRT, FE, ADM, BRO, ESS","SJM, AOS, DOV, PPG, TTWO, COO, MHK, DHI, INCY, TER"
2007-07,"HOLX, NUE, CMI, BXP, EIX, FRT, FE, ADM, BRO, ESS","SJM, AOS, DOV, PPG, TTWO, COO, MHK, DHI, INCY, TER"
2007-08,"HOLX, NUE, CMI, BXP, EIX, FRT, FE, ADM, BRO, ESS","SJM, AOS, DOV, PPG, TTWO, COO, MHK, DHI, INCY, TER"
2007-09,"HOLX, NUE, CMI, BXP, EIX, FRT, FE, ADM, BRO, ESS","SJM, AOS, DOV, PPG, TTWO, COO, MHK, DHI, INCY, TER"
2007-10,"HOLX, NUE, CMI, BXP, EIX, FRT, FE, ADM, BRO, ESS","SJM, AOS, DOV, PPG, TTWO, COO, MHK, DHI, INCY, TER"
2007-11,"HOLX, NUE, CMI, BXP, EIX, FRT, FE, ADM, BRO, ESS","SJM, AOS, DOV, PPG, TTWO, COO, MHK, DHI, INCY, TER"
2007-12,"HOLX, NUE, CMI, BXP, EIX, FRT, FE, ADM, BRO, ESS","SJM, AOS, DOV, PPG, TTWO, COO, MHK, DHI, INCY, TER"
2008-01,"HOLX, CMI, ADM, NUE, FE, ROP, CHD, APD, EIX, BAX","SWK, RHI, AVY, TTWO, MHK, HBAN, POOL, COO, TER, DHI"
2008-02,"HOLX, CMI, ADM, NUE, FE, ROP, CHD, APD, EIX, BAX","SWK, RHI, AVY, TTWO, MHK, HBAN, POOL, COO, TER, DHI"
2008-03,"HOLX, CMI, ADM, NUE, FE, ROP, CHD, APD, EIX, BAX","SWK, RHI, AVY, TTWO, MHK, HBAN, POOL, COO, TER, DHI"
2008-04,"HOLX, CMI, ADM, NUE, FE, ROP, CHD, APD, EIX, BAX","SWK, RHI, AVY, TTWO, MHK, HBAN, POOL, COO, TER, DHI"
2008-05,"HOLX, CMI, ADM, NUE, FE, ROP, CHD, APD, EIX, BAX","SWK, RHI, AVY, TTWO, MHK, HBAN, POOL, COO, TER, DHI"
2008-06,"HOLX, CMI, ADM, NUE, FE, ROP, CHD, APD, EIX, BAX","SWK, RHI, AVY, TTWO, MHK, HBAN, POOL, COO, TER, DHI"
2008-07,"HOLX, CMI, ADM, NUE, FE, ROP, CHD, APD, EIX, BAX","SWK, RHI, AVY, TTWO, MHK, HBAN, POOL, COO, TER, DHI"
2008-08,"HOLX, CMI, ADM, NUE, FE, ROP, CHD, APD, EIX, BAX","SWK, RHI, AVY, TTWO, MHK, HBAN, POOL, COO, TER, DHI"
2008-09,"HOLX, CMI, ADM, NUE, FE, ROP, CHD, APD, EIX, BAX","SWK, RHI, AVY, TTWO, MHK, HBAN, POOL, COO, TER, DHI"
2008-10,"HOLX, CMI, ADM, NUE, FE, ROP, CHD, APD, EIX, BAX","SWK, RHI, AVY, TTWO, MHK, HBAN, POOL, COO, TER, DHI"
2008-11,"HOLX, CMI, ADM, NUE, FE, ROP, CHD, APD, EIX, BAX","SWK, RHI, AVY, TTWO, MHK, HBAN, POOL, COO, TER, DHI"
2008-12,"HOLX, CMI, ADM, NUE, FE, ROP, CHD, APD, EIX, BAX","SWK, RHI, AVY, TTWO, MHK, HBAN, POOL, COO, TER, DHI"
2009-01,"CMI, NUE, INCY, VMC, FDS, CHD, SNA, FRT, BAX, NTRS","AVY, AEE, COO, CINF, POOL, BRO, RHI, TER, HBAN, DHI"
2009-02,"CMI, NUE, INCY, VMC, FDS, CHD, SNA, FRT, BAX, NTRS","AVY, AEE, COO, CINF, POOL, BRO, RHI, TER, HBAN, DHI"
2009-03,"CMI, NUE, INCY, VMC, FDS, CHD, SNA, FRT, BAX, NTRS","AVY, AEE, COO, CINF, POOL, BRO, RHI, TER, HBAN, DHI"
2009-04,"CMI, NUE, INCY, VMC, FDS, CHD, SNA, FRT, BAX, NTRS","AVY, AEE, COO, CINF, POOL, BRO, RHI, TER, HBAN, DHI"
2009-05,"CMI, NUE, INCY, VMC, FDS, CHD, SNA, FRT, BAX, NTRS","AVY, AEE, COO, CINF, POOL, BRO, RHI, TER, HBAN, DHI"
2009-06,"CMI, NUE, INCY, VMC, FDS, CHD, SNA, FRT, BAX, NTRS","AVY, AEE, COO, CINF, POOL, BRO, RHI, TER, HBAN, DHI"
2009-07,"CMI, NUE, INCY, VMC, FDS, CHD, SNA, FRT, BAX, NTRS","AVY, AEE, COO, CINF, POOL, BRO, RHI, TER, HBAN, DHI"
2009-08,"CMI, NUE, INCY, VMC, FDS, CHD, SNA, FRT, BAX, NTRS","AVY, AEE, COO, CINF, POOL, BRO, RHI, TER, HBAN, DHI"
2009-09,"CMI, NUE, INCY, VMC, FDS, CHD, SNA, FRT, BAX, NTRS","AVY, AEE, COO, CINF, POOL, BRO, RHI, TER, HBAN, DHI"
2009-10,"CMI, NUE, INCY, VMC, FDS, CHD, SNA, FRT, BAX, NTRS","AVY, AEE, COO, CINF, POOL, BRO, RHI, TER, HBAN, DHI"
2009-11,"CMI, NUE, INCY, VMC, FDS, CHD, SNA, FRT, BAX, NTRS","AVY, AEE, COO, CINF, POOL, BRO, RHI, TER, HBAN, DHI"
2009-12,"CMI, NUE, INCY, VMC, FDS, CHD, SNA, FRT, BAX, NTRS","AVY, AEE, COO, CINF, POOL, BRO, RHI, TER, HBAN, DHI"
2010-01,"INCY, CMI, AFL, EMN, JBHT, SJM, FDS, MHK, LNC, APD","ESS, EIX, POOL, HOLX, AVY, DHI, CINF, BRO, AEE, HBAN"
2010-02,"INCY, CMI, AFL, EMN, JBHT, SJM, FDS, MHK, LNC, APD","ESS, EIX, POOL, HOLX, AVY, DHI, CINF, BRO, AEE, HBAN"
2010-03,"INCY, CMI, AFL, EMN, JBHT, SJM, FDS, MHK, LNC, APD","ESS, EIX, POOL, HOLX, AVY, DHI, CINF, BRO, AEE, HBAN"
2010-04,"INCY, CMI, AFL, EMN, JBHT, SJM, FDS, MHK, LNC, APD","ESS, EIX, POOL, HOLX, AVY, DHI, CINF, BRO, AEE, HBAN"
2010-05,"INCY, CMI, AFL, EMN, JBHT, SJM, FDS, MHK, LNC, APD","ESS, EIX, POOL, HOLX, AVY, DHI, CINF, BRO, AEE, HBAN"
2010-06,"INCY, CMI, AFL, EMN, JBHT, SJM, FDS, MHK, LNC, APD","ESS, EIX, POOL, HOLX, AVY, DHI, CINF, BRO, AEE, HBAN"
2010-07,"INCY, CMI, AFL, EMN, JBHT, SJM, FDS, MHK, LNC, APD","ESS, EIX, POOL, HOLX, AVY, DHI, CINF, BRO, AEE, HBAN"
2010-08,"INCY, CMI, AFL, EMN, JBHT, SJM, FDS, MHK, LNC, APD","ESS, EIX, POOL, HOLX, AVY, DHI, CINF, BRO, AEE, HBAN"
2010-09,"INCY, CMI, AFL, EMN, JBHT, SJM, FDS, MHK, LNC, APD","ESS, EIX, POOL, HOLX, AVY, DHI, CINF, BRO, AEE, HBAN"
2010-10,"INCY, CMI, AFL, EMN, JBHT, SJM, FDS, MHK, LNC, APD","ESS, EIX, POOL, HOLX, AVY, DHI, CINF, BRO, AEE, HBAN"
2010-11,"INCY, CMI, AFL, EMN, JBHT, SJM, FDS, MHK, LNC, APD","ESS, EIX, POOL, HOLX, AVY, DHI, CINF, BRO, AEE, HBAN"
2010-12,"INCY, CMI, AFL, EMN, JBHT, SJM, FDS, MHK, LNC, APD","ESS, EIX, POOL, HOLX, AVY, DHI, CINF, BRO, AEE, HBAN"
2011-01,"INCY, CMI, EMN, COO, FDS, MAA, AOS, TER, SWK, JBHT","NUE, BAX, NTRS, EIX, VMC, STT, ADM, HOLX, AEE, FE"
2011-02,"INCY, CMI, EMN, COO, FDS, MAA, AOS, TER, SWK, JBHT","NUE, BAX, NTRS, EIX, VMC, STT, ADM, HOLX, AEE, FE"
2011-03,"INCY, CMI, EMN, COO, FDS, MAA, AOS, TER, SWK, JBHT","NUE, BAX, NTRS, EIX, VMC, STT, ADM, HOLX, AEE, FE"
2011-04,"INCY, CMI, EMN, COO, FDS, MAA, AOS, TER, SWK, JBHT","NUE, BAX, NTRS, EIX, VMC, STT, ADM, HOLX, AEE, FE"
2011-05,"INCY, CMI, EMN, COO, FDS, MAA, AOS, TER, SWK, JBHT","NUE, BAX, NTRS, EIX, VMC, STT, ADM, HOLX, AEE, FE"
2011-06,"INCY, CMI, EMN, COO, FDS, MAA, AOS, TER, SWK, JBHT","NUE, BAX, NTRS, EIX, VMC, STT, ADM, HOLX, AEE, FE"
2011-07,"INCY, CMI, EMN, COO, FDS, MAA, AOS, TER, SWK, JBHT","NUE, BAX, NTRS, EIX, VMC, STT, ADM, HOLX, AEE, FE"
2011-08,"INCY, CMI, EMN, COO, FDS, MAA, AOS, TER, SWK, JBHT","NUE, BAX, NTRS, EIX, VMC, STT, ADM, HOLX, AEE, FE"
2011-09,"INCY, CMI, EMN, COO, FDS, MAA, AOS, TER, SWK, JBHT","NUE, BAX, NTRS, EIX, VMC, STT, ADM, HOLX, AEE, FE"
2011-10,"INCY, CMI, EMN, COO, FDS, MAA, AOS, TER, SWK, JBHT","NUE, BAX, NTRS, EIX, VMC, STT, ADM, HOLX, AEE, FE"
2011-11,"INCY, CMI, EMN, COO, FDS, MAA, AOS, TER, SWK, JBHT","NUE, BAX, NTRS, EIX, VMC, STT, ADM, HOLX, AEE, FE"
2011-12,"INCY, CMI, EMN, COO, FDS, MAA, AOS, TER, SWK, JBHT","NUE, BAX, NTRS, EIX, VMC, STT, ADM, HOLX, AEE, FE"
2012-01,"COO, INCY, CMS, CMI, TER, ED, DHI, SJM, PNW, AOS","BRO, MHK, STT, NTRS, LNC, HBAN, NUE, AVY, AFL, VMC"
2012-02,"COO, INCY, CMS, CMI, TER, ED, DHI, SJM, PNW, AOS","BRO, MHK, STT, NTRS, LNC, HBAN, NUE, AVY, AFL, VMC"
2012-03,"COO, INCY, CMS, CMI, TER, ED, DHI, SJM, PNW, AOS","BRO, MHK, STT, NTRS, LNC, HBAN, NUE, AVY, AFL, VMC"
2012-04,"COO, INCY, CMS, CMI, TER, ED, DHI, SJM, PNW, AOS","BRO, MHK, STT, NTRS, LNC, HBAN, NUE, AVY, AFL, VMC"
2012-05,"COO, INCY, CMS, CMI, TER, ED, DHI, SJM, PNW, AOS","BRO, MHK, STT, NTRS, LNC, HBAN, NUE, AVY, AFL, VMC"
2012-06,"COO, INCY, CMS, CMI, TER, ED, DHI, SJM, PNW, AOS","BRO, MHK, STT, NTRS, LNC, HBAN, NUE, AVY, AFL, VMC"
2012-07,"COO, INCY, CMS, CMI, TER, ED, DHI, SJM, PNW, AOS","BRO, MHK, STT, NTRS, LNC, HBAN, NUE, AVY, AFL, VMC"
2012-08,"COO, INCY, CMS, CMI, TER, ED, DHI, SJM, PNW, AOS","BRO, MHK, STT, NTRS, LNC, HBAN, NUE, AVY, AFL, VMC"
2012-09,"COO, INCY, CMS, CMI, TER, ED, DHI, SJM, PNW, AOS","BRO, MHK, STT, NTRS, LNC, HBAN, NUE, AVY, AFL, VMC"
2012-10,"COO, INCY, CMS, CMI, TER, ED, DHI, SJM, PNW, AOS","BRO, MHK, STT, NTRS, LNC, HBAN, NUE, AVY, AFL, VMC"
2012-11,"COO, INCY, CMS, CMI, TER, ED, DHI, SJM, PNW, AOS","BRO, MHK, STT, NTRS, LNC, HBAN, NUE, AVY, AFL, VMC"
2012-12,"COO, INCY, CMS, CMI, TER, ED, DHI, SJM, PNW, AOS","BRO, MHK, STT, NTRS, LNC, HBAN, NUE, AVY, AFL, VMC"
2013-01,"COO, POOL, PPG, AOS, CHD, CMS, CMI, ROP, ESS, EMN","AFL, APD, ADM, TTWO, AVY, NTRS, STT, VMC, NUE, LNC"
2013-02,"COO, POOL, PPG, AOS, CHD, CMS, CMI, ROP, ESS, EMN","AFL, APD, ADM, TTWO, AVY, NTRS, STT, VMC, NUE, LNC"
2013-03,"COO, POOL, PPG, AOS, CHD, CMS, CMI, ROP, ESS, EMN","AFL, APD, ADM, TTWO, AVY, NTRS, STT, VMC, NUE, LNC"
2013-04,"COO, POOL, PPG, AOS, CHD, CMS, CMI, ROP, ESS, EMN","AFL, APD, ADM, TTWO, AVY, NTRS, STT, VMC, NUE, LNC"
2013-05,"COO, POOL, PPG, AOS, CHD, CMS, CMI, ROP, ESS, EMN","AFL, APD, ADM, TTWO, AVY, NTRS, STT, VMC, NUE, LNC"
2013-06,"COO, POOL, PPG, AOS, CHD, CMS, CMI, ROP, ESS, EMN","AFL, APD, ADM, TTWO, AVY, NTRS, STT, VMC, NUE, LNC"
2013-07,"COO, POOL, PPG, AOS, CHD, CMS, CMI, ROP, ESS, EMN","AFL, APD, ADM, TTWO, AVY, NTRS, STT, VMC, NUE, LNC"
2013-08,"COO, POOL, PPG, AOS, CHD, CMS, CMI, ROP, ESS, EMN","AFL, APD, ADM, TTWO, AVY, NTRS, STT, VMC, NUE, LNC"
2013-09,"COO, POOL, PPG, AOS, CHD, CMS, CMI, ROP, ESS, EMN","AFL, APD, ADM, TTWO, AVY, NTRS, STT, VMC, NUE, LNC"
2013-10,"COO, POOL, PPG, AOS, CHD, CMS, CMI, ROP, ESS, EMN","AFL, APD, ADM, TTWO, AVY, NTRS, STT, VMC, NUE, LNC"
2013-11,"COO, POOL, PPG, AOS, CHD, CMS, CMI, ROP, ESS, EMN","AFL, APD, ADM, TTWO, AVY, NTRS, STT, VMC, NUE, LNC"
2013-12,"COO, POOL, PPG, AOS, CHD, CMS, CMI, ROP, ESS, EMN","AFL, APD, ADM, TTWO, AVY, NTRS, STT, VMC, NUE, LNC"
2014-01,"INCY, COO, CHD, POOL, AOS, CMS, MHK, PPG, DTE, SJM","APD, VMC, LNC, NUE, NTRS, TER, CMI, SWK, HOLX, AFL"
2014-02,"INCY, COO, CHD, POOL, AOS, CMS, MHK, PPG, DTE, SJM","APD, VMC, LNC, NUE, NTRS, TER, CMI, SWK, HOLX, AFL"
2014-03,"INCY, COO, CHD, POOL, AOS, CMS, MHK, PPG, DTE, SJM","APD, VMC, LNC, NUE, NTRS, TER, CMI, SWK, HOLX, AFL"
2014-04,"INCY, COO, CHD, POOL, AOS, CMS, MHK, PPG, DTE, SJM","APD, VMC, LNC, NUE, NTRS, TER, CMI, SWK, HOLX, AFL"
2014-05,"INCY, COO, CHD, POOL, AOS, CMS, MHK, PPG, DTE, SJM","APD, VMC, LNC, NUE, NTRS, TER, CMI, SWK, HOLX, AFL"
2014-06,"INCY, COO, CHD, POOL, AOS, CMS, MHK, PPG, DTE, SJM","APD, VMC, LNC, NUE, NTRS, TER, CMI, SWK, HOLX, AFL"
2014-07,"INCY, COO, CHD, POOL, AOS, CMS, MHK, PPG, DTE, SJM","APD, VMC, LNC, NUE, NTRS, TER, CMI, SWK, HOLX, AFL"
2014-08,"INCY, COO, CHD, POOL, AOS, CMS, MHK, PPG, DTE, SJM","APD, VMC, LNC, NUE, NTRS, TER, CMI, SWK, HOLX, AFL"
2014-09,"INCY, COO, CHD, POOL, AOS, CMS, MHK, PPG, DTE, SJM","APD, VMC, LNC, NUE, NTRS, TER, CMI, SWK, HOLX, AFL"
2014-10,"INCY, COO, CHD, POOL, AOS, CMS, MHK, PPG, DTE, SJM","APD, VMC, LNC, NUE, NTRS, TER, CMI, SWK, HOLX, AFL"
2014-11,"INCY, COO, CHD, POOL, AOS, CMS, MHK, PPG, DTE, SJM","APD, VMC, LNC, NUE, NTRS, TER, CMI, SWK, HOLX, AFL"
2014-12,"INCY, COO, CHD, POOL, AOS, CMS, MHK, PPG, DTE, SJM","APD, VMC, LNC, NUE, NTRS, TER, CMI, SWK, HOLX, AFL"
2015-01,"INCY, COO, PPG, SNA, JBHT, CMS, DTE, ADM, ATO, EIX","ROK, APD, AFL, TER, EMN, DOV, VMC, NUE, CMI, HOLX"
2015-02,"INCY, COO, PPG, SNA, JBHT, CMS, DTE, ADM, ATO, EIX","ROK, APD, AFL, TER, EMN, DOV, VMC, NUE, CMI, HOLX"
2015-03,"INCY, COO, PPG, SNA, JBHT, CMS, DTE, ADM, ATO, EIX","ROK, APD, AFL, TER, EMN, DOV, VMC, NUE, CMI, HOLX"
2015-04,"INCY, COO, PPG, SNA, JBHT, CMS, DTE, ADM, ATO, EIX","ROK, APD, AFL, TER, EMN, DOV, VMC, NUE, CMI, HOLX"
2015-05,"INCY, COO, PPG, SNA, JBHT, CMS, DTE, ADM, ATO, EIX","ROK, APD, AFL, TER, EMN, DOV, VMC, NUE, CMI, HOLX"
2015-06,"INCY, COO, PPG, SNA, JBHT, CMS, DTE, ADM, ATO, EIX","ROK, APD, AFL, TER, EMN, DOV, VMC, NUE, CMI, HOLX"
2015-07,"INCY, COO, PPG, SNA, JBHT, CMS, DTE, ADM, ATO, EIX","ROK, APD, AFL, TER, EMN, DOV, VMC, NUE, CMI, HOLX"
2015-08,"INCY, COO, PPG, SNA, JBHT, CMS, DTE, ADM, ATO, EIX","ROK, APD, AFL, TER, EMN, DOV, VMC, NUE, CMI, HOLX"
2015-09,"INCY, COO, PPG, SNA, JBHT, CMS, DTE, ADM, ATO, EIX","ROK, APD, AFL, TER, EMN, DOV, VMC, NUE, CMI, HOLX"
2015-10,"INCY, COO, PPG, SNA, JBHT, CMS, DTE, ADM, ATO, EIX","ROK, APD, AFL, TER, EMN, DOV, VMC, NUE, CMI, HOLX"
2015-11,"INCY, COO, PPG, SNA, JBHT, CMS, DTE, ADM, ATO, EIX","ROK, APD, AFL, TER, EMN, DOV, VMC, NUE, CMI, HOLX"
2015-12,"INCY, COO, PPG, SNA, JBHT, CMS, DTE, ADM, ATO, EIX","ROK, APD, AFL, TER, EMN, DOV, VMC, NUE, CMI, HOLX"
2016-01,"INCY, TTWO, ESS, ATO, CMS, MAA, ROL, HOLX, SNA, POOL","TER, BAX, JBHT, PPG, ROK, AFL, DOV, NUE, EMN, CMI"
2016-02,"INCY, TTWO, ESS, ATO, CMS, MAA, ROL, HOLX, SNA, POOL","TER, BAX, JBHT, PPG, ROK, AFL, DOV, NUE, EMN, CMI"
2016-03,"INCY, TTWO, ESS, ATO, CMS, MAA, ROL, HOLX, SNA, POOL","TER, BAX, JBHT, PPG, ROK, AFL, DOV, NUE, EMN, CMI"
2016-04,"INCY, TTWO, ESS, ATO, CMS, MAA, ROL, HOLX, SNA, POOL","TER, BAX, JBHT, PPG, ROK, AFL, DOV, NUE, EMN, CMI"
2016-05,"INCY, TTWO, ESS, ATO, CMS, MAA, ROL, HOLX, SNA, POOL","TER, BAX, JBHT, PPG, ROK, AFL, DOV, NUE, EMN, CMI"
2016-06,"INCY, TTWO, ESS, ATO, CMS, MAA, ROL, HOLX, SNA, POOL","TER, BAX, JBHT, PPG, ROK, AFL, DOV, NUE, EMN, CMI"
2016-07,"INCY, TTWO, ESS, ATO, CMS, MAA, ROL, HOLX, SNA, POOL","TER, BAX, JBHT, PPG, ROK, AFL, DOV, NUE, EMN, CMI"
2016-08,"INCY, TTWO, ESS, ATO, CMS, MAA, ROL, HOLX, SNA, POOL","TER, BAX, JBHT, PPG, ROK, AFL, DOV, NUE, EMN, CMI"
2016-09,"INCY, TTWO, ESS, ATO, CMS, MAA, ROL, HOLX, SNA, POOL","TER, BAX, JBHT, PPG, ROK, AFL, DOV, NUE, EMN, CMI"
2016-10,"INCY, TTWO, ESS, ATO, CMS, MAA, ROL, HOLX, SNA, POOL","TER, BAX, JBHT, PPG, ROK, AFL, DOV, NUE, EMN, CMI"
2016-11,"INCY, TTWO, ESS, ATO, CMS, MAA, ROL, HOLX, SNA, POOL","TER, BAX, JBHT, PPG, ROK, AFL, DOV, NUE, EMN, CMI"
2016-12,"INCY, TTWO, ESS, ATO, CMS, MAA, ROL, HOLX, SNA, POOL","TER, BAX, JBHT, PPG, ROK, AFL, DOV, NUE, EMN, CMI"
2017-01,"TTWO, INCY, ATO, CMS, ROL, EIX, MAA, VMC, DTE, ESS","ADM, ROK, LNC, AFL, NUE, STT, CMI, DOV, EMN, PPG"
2017-02,"TTWO, INCY, ATO, CMS, ROL, EIX, MAA, VMC, DTE, ESS","ADM, ROK, LNC, AFL, NUE, STT, CMI, DOV, EMN, PPG"
2017-03,"TTWO, INCY, ATO, CMS, ROL, EIX, MAA, VMC, DTE, ESS","ADM, ROK, LNC, AFL, NUE, STT, CMI, DOV, EMN, PPG"
2017-04,"TTWO, INCY, ATO, CMS, ROL, EIX, MAA, VMC, DTE, ESS","ADM, ROK, LNC, AFL, NUE, STT, CMI, DOV, EMN, PPG"
2017-05,"TTWO, INCY, ATO, CMS, ROL, EIX, MAA, VMC, DTE, ESS","ADM, ROK, LNC, AFL, NUE, STT, CMI, DOV, EMN, PPG"
2017-06,"TTWO, INCY, ATO, CMS, ROL, EIX, MAA, VMC, DTE, ESS","ADM, ROK, LNC, AFL, NUE, STT, CMI, DOV, EMN, PPG"
2017-07,"TTWO, INCY, ATO, CMS, ROL, EIX, MAA, VMC, DTE, ESS","ADM, ROK, LNC, AFL, NUE, STT, CMI, DOV, EMN, PPG"
2017-08,"TTWO, INCY, ATO, CMS, ROL, EIX, MAA, VMC, DTE, ESS","ADM, ROK, LNC, AFL, NUE, STT, CMI, DOV, EMN, PPG"
2017-09,"TTWO, INCY, ATO, CMS, ROL, EIX, MAA, VMC, DTE, ESS","ADM, ROK, LNC, AFL, NUE, STT, CMI, DOV, EMN, PPG"
2017-10,"TTWO, INCY, ATO, CMS, ROL, EIX, MAA, VMC, DTE, ESS","ADM, ROK, LNC, AFL, NUE, STT, CMI, DOV, EMN, PPG"
2017-11,"TTWO, INCY, ATO, CMS, ROL, EIX, MAA, VMC, DTE, ESS","ADM, ROK, LNC, AFL, NUE, STT, CMI, DOV, EMN, PPG"
2017-12,"TTWO, INCY, ATO, CMS, ROL, EIX, MAA, VMC, DTE, ESS","ADM, ROK, LNC, AFL, NUE, STT, CMI, DOV, EMN, PPG"
2018-01,"TTWO, ROL, ATO, AVY, CMS, ED, TER, POOL, DHI, VMC","HBAN, APD, EMN, BXP, STT, NUE, LNC, RHI, PPG, ADM"
2018-02,"TTWO, ROL, ATO, AVY, CMS, ED, TER, POOL, DHI, VMC","HBAN, APD, EMN, BXP, STT, NUE, LNC, RHI, PPG, ADM"
2018-03,"TTWO, ROL, ATO, AVY, CMS, ED, TER, POOL, DHI, VMC","HBAN, APD, EMN, BXP, STT, NUE, LNC, RHI, PPG, ADM"
2018-04,"TTWO, ROL, ATO, AVY, CMS, ED, TER, POOL, DHI, VMC","HBAN, APD, EMN, BXP, STT, NUE, LNC, RHI, PPG, ADM"
2018-05,"TTWO, ROL, ATO, AVY, CMS, ED, TER, POOL, DHI, VMC","HBAN, APD, EMN, BXP, STT, NUE, LNC, RHI, PPG, ADM"
2018-06,"TTWO, ROL, ATO, AVY, CMS, ED, TER, POOL, DHI, VMC","HBAN, APD, EMN, BXP, STT, NUE, LNC, RHI, PPG, ADM"
2018-07,"TTWO, ROL, ATO, AVY, CMS, ED, TER, POOL, DHI, VMC","HBAN, APD, EMN, BXP, STT, NUE, LNC, RHI, PPG, ADM"
2018-08,"TTWO, ROL, ATO, AVY, CMS, ED, TER, POOL, DHI, VMC","HBAN, APD, EMN, BXP, STT, NUE, LNC, RHI, PPG, ADM"
2018-09,"TTWO, ROL, ATO, AVY, CMS, ED, TER, POOL, DHI, VMC","HBAN, APD, EMN, BXP, STT, NUE, LNC, RHI, PPG, ADM"
2018-10,"TTWO, ROL, ATO, AVY, CMS, ED, TER, POOL, DHI, VMC","HBAN, APD, EMN, BXP, STT, NUE, LNC, RHI, PPG, ADM"
2018-11,"TTWO, ROL, ATO, AVY, CMS, ED, TER, POOL, DHI, VMC","HBAN, APD, EMN, BXP, STT, NUE, LNC, RHI, PPG, ADM"
2018-12,"TTWO, ROL, ATO, AVY, CMS, ED, TER, POOL, DHI, VMC","HBAN, APD, EMN, BXP, STT, NUE, LNC, RHI, PPG, ADM"
2019-01,"TTWO, ROL, CHD, AEE, ATO, COO, POOL, CMS, DTE, PNW","DHI, HBAN, SJM, FRT, BXP, LNC, STT, SNA, INCY, MHK"
2019-02,"TTWO, ROL, CHD, AEE, ATO, COO, POOL, CMS, DTE, PNW","DHI, HBAN, SJM, FRT, BXP, LNC, STT, SNA, INCY, MHK"
2019-03,"TTWO, ROL, CHD, AEE, ATO, COO, POOL, CMS, DTE, PNW","DHI, HBAN, SJM, FRT, BXP, LNC, STT, SNA, INCY, MHK"
2019-04,"TTWO, ROL, CHD, AEE, ATO, COO, POOL, CMS, DTE, PNW","DHI, HBAN, SJM, FRT, BXP, LNC, STT, SNA, INCY, MHK"
2019-05,"TTWO, ROL, CHD, AEE, ATO, COO, POOL, CMS, DTE, PNW","DHI, HBAN, SJM, FRT, BXP, LNC, STT, SNA, INCY, MHK"
2019-06,"TTWO, ROL, CHD, AEE, ATO, COO, POOL, CMS, DTE, PNW","DHI, HBAN, SJM, FRT, BXP, LNC, STT, SNA, INCY, MHK"
2019-07,"TTWO, ROL, CHD, AEE, ATO, COO, POOL, CMS, DTE, PNW","DHI, HBAN, SJM, FRT, BXP, LNC, STT, SNA, INCY, MHK"
2019-08,"TTWO, ROL, CHD, AEE, ATO, COO, POOL, CMS, DTE, PNW","DHI, HBAN, SJM, FRT, BXP, LNC, STT, SNA, INCY, MHK"
2019-09,"TTWO, ROL, CHD, AEE, ATO, COO, POOL, CMS, DTE, PNW","DHI, HBAN, SJM, FRT, BXP, LNC, STT, SNA, INCY, MHK"
2019-10,"TTWO, ROL, CHD, AEE, ATO, COO, POOL, CMS, DTE, PNW","DHI, HBAN, SJM, FRT, BXP, LNC, STT, SNA, INCY, MHK"
2019-11,"TTWO, ROL, CHD, AEE, ATO, COO, POOL, CMS, DTE, PNW","DHI, HBAN, SJM, FRT, BXP, LNC, STT, SNA, INCY, MHK"
2019-12,"TTWO, ROL, CHD, AEE, ATO, COO, POOL, CMS, DTE, PNW","DHI, HBAN, SJM, FRT, BXP, LNC, STT, SNA, INCY, MHK"
2020-01,"TTWO, TER, CHD, FE, POOL, CMS, BRO, AEE, ATO, DHI","SJM, HBAN, INCY, EMN, SNA, STT, AOS, NUE, LNC, MHK"
2020-02,"TTWO, TER, CHD, FE, POOL, CMS, BRO, AEE, ATO, DHI","SJM, HBAN, INCY, EMN, SNA, STT, AOS, NUE, LNC, MHK"
2020-03,"TTWO, TER, CHD, FE, POOL, CMS, BRO, AEE, ATO, DHI","SJM, HBAN, INCY, EMN, SNA, STT, AOS, NUE, LNC, MHK"
2020-04,"TTWO, TER, CHD, FE, POOL, CMS, BRO, AEE, ATO, DHI","SJM, HBAN, INCY, EMN, SNA, STT, AOS, NUE, LNC, MHK"
2020-05,"TTWO, TER, CHD, FE, POOL, CMS, BRO, AEE, ATO, DHI","SJM, HBAN, INCY, EMN, SNA, STT, AOS, NUE, LNC, MHK"
2020-06,"TTWO, TER, CHD, FE, POOL, CMS, BRO, AEE, ATO, DHI","SJM, HBAN, INCY, EMN, SNA, STT, AOS, NUE, LNC, MHK"
2020-07,"TTWO, TER, CHD, FE, POOL, CMS, BRO, AEE, ATO, DHI","SJM, HBAN, INCY, EMN, SNA, STT, AOS, NUE, LNC, MHK"
2020-08,"TTWO, TER, CHD, FE, POOL, CMS, BRO, AEE, ATO, DHI","SJM, HBAN, INCY, EMN, SNA, STT, AOS, NUE, LNC, MHK"
2020-09,"TTWO, TER, CHD, FE, POOL, CMS, BRO, AEE, ATO, DHI","SJM, HBAN, INCY, EMN, SNA, STT, AOS, NUE, LNC, MHK"
2020-10,"TTWO, TER, CHD, FE, POOL, CMS, BRO, AEE, ATO, DHI","SJM, HBAN, INCY, EMN, SNA, STT, AOS, NUE, LNC, MHK"
2020-11,"TTWO, TER, CHD, FE, POOL, CMS, BRO, AEE, ATO, DHI","SJM, HBAN, INCY, EMN, SNA, STT, AOS, NUE, LNC, MHK"
2020-12,"TTWO, TER, CHD, FE, POOL, CMS, BRO, AEE, ATO, DHI","SJM, HBAN, INCY, EMN, SNA, STT, AOS, NUE, LNC, MHK"
2021-01,"POOL, TER, TTWO, ROL, CHD, BRO, FDS, CMS, APD, AEE","SNA, NTRS, AOS, HBAN, NUE, BXP, FRT, STT, LNC, MHK"
2021-02,"POOL, TER, TTWO, ROL, CHD, BRO, FDS, CMS, APD, AEE","SNA, NTRS, AOS, HBAN, NUE, BXP, FRT, STT, LNC, MHK"
2021-03,"POOL, TER, TTWO, ROL, CHD, BRO, FDS, CMS, APD, AEE","SNA, NTRS, AOS, HBAN, NUE, BXP, FRT, STT, LNC, MHK"
2021-04,"POOL, TER, TTWO, ROL, CHD, BRO, FDS, CMS, APD, AEE","SNA, NTRS, AOS, HBAN, NUE, BXP, FRT, STT, LNC, MHK"
2021-05,"POOL, TER, TTWO, ROL, CHD, BRO, FDS, CMS, APD, AEE","SNA, NTRS, AOS, HBAN, NUE, BXP, FRT, STT, LNC, MHK"
2021-06,"POOL, TER, TTWO, ROL, CHD, BRO, FDS, CMS, APD, AEE","SNA, NTRS, AOS, HBAN, NUE, BXP, FRT, STT, LNC, MHK"
2021-07,"POOL, TER, TTWO, ROL, CHD, BRO, FDS, CMS, APD, AEE","SNA, NTRS, AOS, HBAN, NUE, BXP, FRT, STT, LNC, MHK"
2021-08,"POOL, TER, TTWO, ROL, CHD, BRO, FDS, CMS, APD, AEE","SNA, NTRS, AOS, HBAN, NUE, BXP, FRT, STT, LNC, MHK"
2021-09,"POOL, TER, TTWO, ROL, CHD, BRO, FDS, CMS, APD, AEE","SNA, NTRS, AOS, HBAN, NUE, BXP, FRT, STT, LNC, MHK"
2021-10,"POOL, TER, TTWO, ROL, CHD, BRO, FDS, CMS, APD, AEE","SNA, NTRS, AOS, HBAN, NUE, BXP, FRT, STT, LNC, MHK"
2021-11,"POOL, TER, TTWO, ROL, CHD, BRO, FDS, CMS, APD, AEE","SNA, NTRS, AOS, HBAN, NUE, BXP, FRT, STT, LNC, MHK"
2021-12,"POOL, TER, TTWO, ROL, CHD, BRO, FDS, CMS, APD, AEE","SNA, NTRS, AOS, HBAN, NUE, BXP, FRT, STT, LNC, MHK"
2022-01,"POOL, TER, MAA, BRO, FDS, VMC, AVY, TTWO, SJM, DHI","MHK, SWK, HBAN, AFL, EMN, GL, STT, FRT, BXP, LNC"
2022-02,"POOL, TER, MAA, BRO, FDS, VMC, AVY, TTWO, SJM, DHI","MHK, SWK, HBAN, AFL, EMN, GL, STT, FRT, BXP, LNC"
2022-03,"POOL, TER, MAA, BRO, FDS, VMC, AVY, TTWO, SJM, DHI","MHK, SWK, HBAN, AFL, EMN, GL, STT, FRT, BXP, LNC"
2022-04,"POOL, TER, MAA, BRO, FDS, VMC, AVY, TTWO, SJM, DHI","MHK, SWK, HBAN, AFL, EMN, GL, STT, FRT, BXP, LNC"
2022-05,"POOL, TER, MAA, BRO, FDS, VMC, AVY, TTWO, SJM, DHI","MHK, SWK, HBAN, AFL, EMN, GL, STT, FRT, BXP, LNC"
2022-06,"POOL, TER, MAA, BRO, FDS, VMC, AVY, TTWO, SJM, DHI","MHK, SWK, HBAN, AFL, EMN, GL, STT, FRT, BXP, LNC"
2022-07,"POOL, TER, MAA, BRO, FDS, VMC, AVY, TTWO, SJM, DHI","MHK, SWK, HBAN, AFL, EMN, GL, STT, FRT, BXP, LNC"
2022-08,"POOL, TER, MAA, BRO, FDS, VMC, AVY, TTWO, SJM, DHI","MHK, SWK, HBAN, AFL, EMN, GL, STT, FRT, BXP, LNC"
2022-09,"POOL, TER, MAA, BRO, FDS, VMC, AVY, TTWO, SJM, DHI","MHK, SWK, HBAN, AFL, EMN, GL, STT, FRT, BXP, LNC"
2022-10,"POOL, TER, MAA, BRO, FDS, VMC, AVY, TTWO, SJM, DHI","MHK, SWK, HBAN, AFL, EMN, GL, STT, FRT, BXP, LNC"
2022-11,"POOL, TER, MAA, BRO, FDS, VMC, AVY, TTWO, SJM, DHI","MHK, SWK, HBAN, AFL, EMN, GL, STT, FRT, BXP, LNC"
2022-12,"POOL, TER, MAA, BRO, FDS, VMC, AVY, TTWO, SJM, DHI","MHK, SWK, HBAN, AFL, EMN, GL, STT, FRT, BXP, LNC"
2023-01,"NUE, ADM, SJM, ROL, DHI, FDS, HOLX, POOL, BRO, AVY","EIX, TTWO, NTRS, FRT, MHK, ESS, BAX, LNC, BXP, SWK"
2023-02,"NUE, ADM, SJM, ROL, DHI, FDS, HOLX, POOL, BRO, AVY","EIX, TTWO, NTRS, FRT, MHK, ESS, BAX, LNC, BXP, SWK"
2023-03,"NUE, ADM, SJM, ROL, DHI, FDS, HOLX, POOL, BRO, AVY","EIX, TTWO, NTRS, FRT, MHK, ESS, BAX, LNC, BXP, SWK"
2023-04,"NUE, ADM, SJM, ROL, DHI, FDS, HOLX, POOL, BRO, AVY","EIX, TTWO, NTRS, FRT, MHK, ESS, BAX, LNC, BXP, SWK"
2023-05,"NUE, ADM, SJM, ROL, DHI, FDS, HOLX, POOL, BRO, AVY","EIX, TTWO, NTRS, FRT, MHK, ESS, BAX, LNC, BXP, SWK"
2023-06,"NUE, ADM, SJM, ROL, DHI, FDS, HOLX, POOL, BRO, AVY","EIX, TTWO, NTRS, FRT, MHK, ESS, BAX, LNC, BXP, SWK"
2023-07,"NUE, ADM, SJM, ROL, DHI, FDS, HOLX, POOL, BRO, AVY","EIX, TTWO, NTRS, FRT, MHK, ESS, BAX, LNC, BXP, SWK"
2023-08,"NUE, ADM, SJM, ROL, DHI, FDS, HOLX, POOL, BRO, AVY","EIX, TTWO, NTRS, FRT, MHK, ESS, BAX, LNC, BXP, SWK"
2023-09,"NUE, ADM, SJM, ROL, DHI, FDS, HOLX, POOL, BRO, AVY","EIX, TTWO, NTRS, FRT, MHK, ESS, BAX, LNC, BXP, SWK"
2023-10,"NUE, ADM, SJM, ROL, DHI, FDS, HOLX, POOL, BRO, AVY","EIX, TTWO, NTRS, FRT, MHK, ESS, BAX, LNC, BXP, SWK"
2023-11,"NUE, ADM, SJM, ROL, DHI, FDS, HOLX, POOL, BRO, AVY","EIX, TTWO, NTRS, FRT, MHK, ESS, BAX, LNC, BXP, SWK"
2023-12,"NUE, ADM, SJM, ROL, DHI, FDS, HOLX, POOL, BRO, AVY","EIX, TTWO, NTRS, FRT, MHK, ESS, BAX, LNC, BXP, SWK"
